name,price,rating,in_stock,image_url,detail_url
A Light in the Attic,51.77,3,True,https://books.toscrape.com/catalogue/media/cache/2c/da/2cdad67c44b002e7ead0cc35693c0e8b.jpg,https://books.toscrape.com/catalogue/a-light-in-the-attic_1000/index.html
Tipping the Velvet,53.74,1,True,https://books.toscrape.com/catalogue/media/cache/26/0c/260c6ae16bce31c8f8c95daddd9f4a1c.jpg,https://books.toscrape.com/catalogue/tipping-the-velvet_999/index.html
Soumission,50.1,1,True,https://books.toscrape.com/catalogue/media/cache/3e/ef/3eef99c9d9adef34639f510662022830.jpg,https://books.toscrape.com/catalogue/soumission_998/index.html
Sharp Objects,47.82,4,True,https://books.toscrape.com/catalogue/media/cache/32/51/3251cf3a3412f53f339e42cac2134093.jpg,https://books.toscrape.com/catalogue/sharp-objects_997/index.html
Sapiens: A Brief History of Humankind,54.23,5,True,https://books.toscrape.com/catalogue/media/cache/be/a5/bea5697f2534a2f86a3ef27b5a8c12a6.jpg,https://books.toscrape.com/catalogue/sapiens-a-brief-history-of-humankind_996/index.html
The Requiem Red,22.65,1,True,https://books.toscrape.com/catalogue/media/cache/68/33/68339b4c9bc034267e1da611ab3b34f8.jpg,https://books.toscrape.com/catalogue/the-requiem-red_995/index.html
The Dirty Little Secrets of Getting Your Dream Job,33.34,4,True,https://books.toscrape.com/catalogue/media/cache/92/27/92274a95b7c251fea59a2b8a78275ab4.jpg,https://books.toscrape.com/catalogue/the-dirty-little-secrets-of-getting-your-dream-job_994/index.html
"The Coming Woman: A Novel Based on the Life of the Infamous Feminist, Victoria Woodhull",17.93,3,True,https://books.toscrape.com/catalogue/media/cache/3d/54/3d54940e57e662c4dd1f3ff00c78cc64.jpg,https://books.toscrape.com/catalogue/the-coming-woman-a-novel-based-on-the-life-of-the-infamous-feminist-victoria-woodhull_993/index.html
The Boys in the Boat: Nine Americans and Their Epic Quest for Gold at the 1936 Berlin Olympics,22.6,4,True,https://books.toscrape.com/catalogue/media/cache/66/88/66883b91f6804b2323c8369331cb7dd1.jpg,https://books.toscrape.com/catalogue/the-boys-in-the-boat-nine-americans-and-their-epic-quest-for-gold-at-the-1936-berlin-olympics_992/index.html
The Black Maria,52.15,1,True,https://books.toscrape.com/catalogue/media/cache/58/46/5846057e28022268153beff6d352b06c.jpg,https://books.toscrape.com/catalogue/the-black-maria_991/index.html
"Starving Hearts (Triangular Trade Trilogy, #1)",13.99,2,True,https://books.toscrape.com/catalogue/media/cache/be/f4/bef44da28c98f905a3ebec0b87be8530.jpg,https://books.toscrape.com/catalogue/starving-hearts-triangular-trade-trilogy-1_990/index.html
Shakespeare's Sonnets,20.66,4,True,https://books.toscrape.com/catalogue/media/cache/10/48/1048f63d3b5061cd2f424d20b3f9b666.jpg,https://books.toscrape.com/catalogue/shakespeares-sonnets_989/index.html
Set Me Free,17.46,5,True,https://books.toscrape.com/catalogue/media/cache/5b/88/5b88c52633f53cacf162c15f4f823153.jpg,https://books.toscrape.com/catalogue/set-me-free_988/index.html
Scott Pilgrim's Precious Little Life (Scott Pilgrim #1),52.29,5,True,https://books.toscrape.com/catalogue/media/cache/94/b1/94b1b8b244bce9677c2f29ccc890d4d2.jpg,https://books.toscrape.com/catalogue/scott-pilgrims-precious-little-life-scott-pilgrim-1_987/index.html
Rip it Up and Start Again,35.02,5,True,https://books.toscrape.com/catalogue/media/cache/81/c4/81c4a973364e17d01f217e1188253d5e.jpg,https://books.toscrape.com/catalogue/rip-it-up-and-start-again_986/index.html
"Our Band Could Be Your Life: Scenes from the American Indie Underground, 1981-1991",57.25,3,True,https://books.toscrape.com/catalogue/media/cache/54/60/54607fe8945897cdcced0044103b10b6.jpg,https://books.toscrape.com/catalogue/our-band-could-be-your-life-scenes-from-the-american-indie-underground-1981-1991_985/index.html
Olio,23.88,1,True,https://books.toscrape.com/catalogue/media/cache/55/33/553310a7162dfbc2c6d19a84da0df9e1.jpg,https://books.toscrape.com/catalogue/olio_984/index.html
Mesaerion: The Best Science Fiction Stories 1800-1849,37.59,1,True,https://books.toscrape.com/catalogue/media/cache/09/a3/09a3aef48557576e1a85ba7efea8ecb7.jpg,https://books.toscrape.com/catalogue/mesaerion-the-best-science-fiction-stories-1800-1849_983/index.html
Libertarianism for Beginners,51.33,2,True,https://books.toscrape.com/catalogue/media/cache/0b/bc/0bbcd0a6f4bcd81ccb1049a52736406e.jpg,https://books.toscrape.com/catalogue/libertarianism-for-beginners_982/index.html
It's Only the Himalayas,45.17,2,True,https://books.toscrape.com/catalogue/media/cache/27/a5/27a53d0bb95bdd88288eaf66c9230d7e.jpg,https://books.toscrape.com/catalogue/its-only-the-himalayas_981/index.html
In Her Wake,12.84,1,True,https://books.toscrape.com/catalogue/media/cache/5d/72/5d72709c6a7a9584a4d1cf07648bfce1.jpg,https://books.toscrape.com/catalogue/in-her-wake_980/index.html
How Music Works,37.32,2,True,https://books.toscrape.com/catalogue/media/cache/5c/c8/5cc8e107246cb478960d4f0aba1e1c8e.jpg,https://books.toscrape.com/catalogue/how-music-works_979/index.html
"Foolproof Preserving: A Guide to Small Batch Jams, Jellies, Pickles, Condiments, and More: A Foolproof Guide to Making Small Batch Jams, Jellies, Pickles, Condiments, and More",30.52,3,True,https://books.toscrape.com/catalogue/media/cache/9f/59/9f59f01fa916a7bb8f0b28a4012179a4.jpg,https://books.toscrape.com/catalogue/foolproof-preserving-a-guide-to-small-batch-jams-jellies-pickles-condiments-and-more-a-foolproof-guide-to-making-small-batch-jams-jellies-pickles-condiments-and-more_978/index.html
Chase Me (Paris Nights #2),25.27,5,True,https://books.toscrape.com/catalogue/media/cache/9c/2e/9c2e0eb8866b8e3f3b768994fd3d1c1a.jpg,https://books.toscrape.com/catalogue/chase-me-paris-nights-2_977/index.html
Black Dust,34.53,5,True,https://books.toscrape.com/catalogue/media/cache/44/cc/44ccc99c8f82c33d4f9d2afa4ef25787.jpg,https://books.toscrape.com/catalogue/black-dust_976/index.html
Birdsong: A Story in Pictures,54.64,3,True,https://books.toscrape.com/catalogue/media/cache/af/6e/af6e796160fe63e0cf19d44395c7ddf2.jpg,https://books.toscrape.com/catalogue/birdsong-a-story-in-pictures_975/index.html
America's Cradle of Quarterbacks: Western Pennsylvania's Football Factory from Johnny Unitas to Joe Montana,22.5,3,True,https://books.toscrape.com/catalogue/media/cache/ef/0b/ef0bed08de4e083dba5e20fdb98d9c36.jpg,https://books.toscrape.com/catalogue/americas-cradle-of-quarterbacks-western-pennsylvanias-football-factory-from-johnny-unitas-to-joe-montana_974/index.html
Aladdin and His Wonderful Lamp,53.13,3,True,https://books.toscrape.com/catalogue/media/cache/d6/da/d6da0371958068bbaf39ea9c174275cd.jpg,https://books.toscrape.com/catalogue/aladdin-and-his-wonderful-lamp_973/index.html
Worlds Elsewhere: Journeys Around Shakespeareâs Globe,40.3,5,True,https://books.toscrape.com/catalogue/media/cache/2e/98/2e98c332bf8563b584784971541c4445.jpg,https://books.toscrape.com/catalogue/worlds-elsewhere-journeys-around-shakespeares-globe_972/index.html
Wall and Piece,44.18,4,True,https://books.toscrape.com/catalogue/media/cache/a5/41/a5416b9646aaa7287baa287ec2590270.jpg,https://books.toscrape.com/catalogue/wall-and-piece_971/index.html
The Four Agreements: A Practical Guide to Personal Freedom,17.66,5,True,https://books.toscrape.com/catalogue/media/cache/0f/7e/0f7ee69495c0df1d35723f012624a9f8.jpg,https://books.toscrape.com/catalogue/the-four-agreements-a-practical-guide-to-personal-freedom_970/index.html
The Five Love Languages: How to Express Heartfelt Commitment to Your Mate,31.05,3,True,https://books.toscrape.com/catalogue/media/cache/38/c5/38c56fba316c07305643a8065269594e.jpg,https://books.toscrape.com/catalogue/the-five-love-languages-how-to-express-heartfelt-commitment-to-your-mate_969/index.html
The Elephant Tree,23.82,5,True,https://books.toscrape.com/catalogue/media/cache/5d/7e/5d7ecde8e81513eba8a64c9fe000744b.jpg,https://books.toscrape.com/catalogue/the-elephant-tree_968/index.html
The Bear and the Piano,36.89,1,True,https://books.toscrape.com/catalogue/media/cache/cf/bb/cfbb5e62715c6d888fd07794c9bab5d6.jpg,https://books.toscrape.com/catalogue/the-bear-and-the-piano_967/index.html
Sophie's World,15.94,5,True,https://books.toscrape.com/catalogue/media/cache/65/71/6571919836ec51ed54f0050c31d8a0cd.jpg,https://books.toscrape.com/catalogue/sophies-world_966/index.html
Penny Maybe,33.29,3,True,https://books.toscrape.com/catalogue/media/cache/12/53/1253c21c5ef3c6d075c5fa3f5fecee6a.jpg,https://books.toscrape.com/catalogue/penny-maybe_965/index.html
Maude (1883-1993):She Grew Up with the country,18.02,2,True,https://books.toscrape.com/catalogue/media/cache/f5/88/f5889d038f5d8e949b494d147c2dcf54.jpg,https://books.toscrape.com/catalogue/maude-1883-1993she-grew-up-with-the-country_964/index.html
"In a Dark, Dark Wood",19.63,1,True,https://books.toscrape.com/catalogue/media/cache/23/85/238570a1c284e730dbc737a7e631ae2b.jpg,https://books.toscrape.com/catalogue/in-a-dark-dark-wood_963/index.html
Behind Closed Doors,52.22,4,True,https://books.toscrape.com/catalogue/media/cache/e1/5c/e15c289ba58cea38519e1281e859f0c1.jpg,https://books.toscrape.com/catalogue/behind-closed-doors_962/index.html
You can't bury them all: Poems,33.63,2,True,https://books.toscrape.com/catalogue/media/cache/e9/20/e9203b733126c4a0832a1c7885dc27cf.jpg,https://books.toscrape.com/catalogue/you-cant-bury-them-all-poems_961/index.html
Slow States of Collapse: Poems,57.31,3,True,https://books.toscrape.com/catalogue/media/cache/72/41/72417db983862010ef0c1a25de98c7d7.jpg,https://books.toscrape.com/catalogue/slow-states-of-collapse-poems_960/index.html
Reasons to Stay Alive,26.41,2,True,https://books.toscrape.com/catalogue/media/cache/cb/bd/cbbdb0222ee8a0f6ab61657412a15794.jpg,https://books.toscrape.com/catalogue/reasons-to-stay-alive_959/index.html
Private Paris (Private #10),47.61,5,True,https://books.toscrape.com/catalogue/media/cache/9d/05/9d0533bae1578846d728a82913b95c26.jpg,https://books.toscrape.com/catalogue/private-paris-private-10_958/index.html
#HigherSelfie: Wake Up Your Life. Free Your Soul. Find Your Tribe.,23.11,5,True,https://books.toscrape.com/catalogue/media/cache/9c/46/9c463c7631c82401160fd3b554b8f0e1.jpg,https://books.toscrape.com/catalogue/higherselfie-wake-up-your-life-free-your-soul-find-your-tribe_957/index.html
Without Borders (Wanderlove #1),45.07,2,True,https://books.toscrape.com/catalogue/media/cache/24/e2/24e2f5c9d325c4004d8190c054da86dd.jpg,https://books.toscrape.com/catalogue/without-borders-wanderlove-1_956/index.html
When We Collided,31.77,1,True,https://books.toscrape.com/catalogue/media/cache/08/04/08044269fc197645268a6197c57e6173.jpg,https://books.toscrape.com/catalogue/when-we-collided_955/index.html
"We Love You, Charlie Freeman",50.27,5,True,https://books.toscrape.com/catalogue/media/cache/5f/15/5f152afdbc42356ecba02f61058a7e5b.jpg,https://books.toscrape.com/catalogue/we-love-you-charlie-freeman_954/index.html
Untitled Collection: Sabbath Poems 2014,14.27,4,True,https://books.toscrape.com/catalogue/media/cache/f9/3b/f93b4a650f03a5d21f2436d7813f42c2.jpg,https://books.toscrape.com/catalogue/untitled-collection-sabbath-poems-2014_953/index.html
"Unseen City: The Majesty of Pigeons, the Discreet Charm of Snails & Other Wonders of the Urban Wilderness",44.18,4,True,https://books.toscrape.com/catalogue/media/cache/41/a2/41a20f35adf0caea24f208dc01ad7681.jpg,https://books.toscrape.com/catalogue/unseen-city-the-majesty-of-pigeons-the-discreet-charm-of-snails-other-wonders-of-the-urban-wilderness_952/index.html
Unicorn Tracks,18.78,3,True,https://books.toscrape.com/catalogue/media/cache/76/8e/768ea5924ac1ef6297c2be9959c796c2.jpg,https://books.toscrape.com/catalogue/unicorn-tracks_951/index.html
"Unbound: How Eight Technologies Made Us Human, Transformed Society, and Brought Our World to the Brink",25.52,1,True,https://books.toscrape.com/catalogue/media/cache/4a/3b/4a3b055f9e378a95fedbef55e7bab7ce.jpg,https://books.toscrape.com/catalogue/unbound-how-eight-technologies-made-us-human-transformed-society-and-brought-our-world-to-the-brink_950/index.html
Tsubasa: WoRLD CHRoNiCLE 2 (Tsubasa WoRLD CHRoNiCLE #2),16.28,1,True,https://books.toscrape.com/catalogue/media/cache/36/df/36df4caaf1420b1183a8235355d39e69.jpg,https://books.toscrape.com/catalogue/tsubasa-world-chronicle-2-tsubasa-world-chronicle-2_949/index.html
Throwing Rocks at the Google Bus: How Growth Became the Enemy of Prosperity,31.12,3,True,https://books.toscrape.com/catalogue/media/cache/03/86/038650c9e7517b4baf2a423cd8eed38f.jpg,https://books.toscrape.com/catalogue/throwing-rocks-at-the-google-bus-how-growth-became-the-enemy-of-prosperity_948/index.html
This One Summer,19.49,4,True,https://books.toscrape.com/catalogue/media/cache/c4/dd/c4ddd9ced89966b0602ec85e00cd5b61.jpg,https://books.toscrape.com/catalogue/this-one-summer_947/index.html
Thirst,17.27,5,True,https://books.toscrape.com/catalogue/media/cache/c4/0a/c40a64f59e7487b1a80a049f6ceb2ba5.jpg,https://books.toscrape.com/catalogue/thirst_946/index.html
The Torch Is Passed: A Harding Family Story,19.09,1,True,https://books.toscrape.com/catalogue/media/cache/33/e5/33e507172541628acfd421503196b578.jpg,https://books.toscrape.com/catalogue/the-torch-is-passed-a-harding-family-story_945/index.html
The Secret of Dreadwillow Carse,56.13,1,True,https://books.toscrape.com/catalogue/media/cache/c4/a2/c4a2a1a026c67bcceb5a411c724d7d0c.jpg,https://books.toscrape.com/catalogue/the-secret-of-dreadwillow-carse_944/index.html
"The Pioneer Woman Cooks: Dinnertime: Comfort Classics, Freezer Food, 16-Minute Meals, and Other Delicious Ways to Solve Supper!",56.41,1,True,https://books.toscrape.com/catalogue/media/cache/b7/f4/b7f4843dbe062d44be1ffcfa16b2faa4.jpg,https://books.toscrape.com/catalogue/the-pioneer-woman-cooks-dinnertime-comfort-classics-freezer-food-16-minute-meals-and-other-delicious-ways-to-solve-supper_943/index.html
The Past Never Ends,56.5,4,True,https://books.toscrape.com/catalogue/media/cache/89/b8/89b850edb01851a91f64ba114b96acb6.jpg,https://books.toscrape.com/catalogue/the-past-never-ends_942/index.html
The Natural History of Us (The Fine Art of Pretending #2),45.22,3,True,https://books.toscrape.com/catalogue/media/cache/5d/7f/5d7f496cdf5e5962a73ecdcc1505c1d5.jpg,https://books.toscrape.com/catalogue/the-natural-history-of-us-the-fine-art-of-pretending-2_941/index.html
The Nameless City (The Nameless City #1),38.16,4,True,https://books.toscrape.com/catalogue/media/cache/f4/79/f479de5f305c2ac0512702cf7155bb74.jpg,https://books.toscrape.com/catalogue/the-nameless-city-the-nameless-city-1_940/index.html
The Murder That Never Was (Forensic Instincts #5),54.11,3,True,https://books.toscrape.com/catalogue/media/cache/dc/44/dc44f8e2aebac48ca8553814d9b021a8.jpg,https://books.toscrape.com/catalogue/the-murder-that-never-was-forensic-instincts-5_939/index.html
The Most Perfect Thing: Inside (and Outside) a Bird's Egg,42.96,4,True,https://books.toscrape.com/catalogue/media/cache/d4/8d/d48d5122a15347e9fe2b15ad354d69bf.jpg,https://books.toscrape.com/catalogue/the-most-perfect-thing-inside-and-outside-a-birds-egg_938/index.html
"The Mindfulness and Acceptance Workbook for Anxiety: A Guide to Breaking Free from Anxiety, Phobias, and Worry Using Acceptance and Commitment Therapy",23.89,4,True,https://books.toscrape.com/catalogue/media/cache/f8/6d/f86d08178e3788563ac17be5aefd29f0.jpg,https://books.toscrape.com/catalogue/the-mindfulness-and-acceptance-workbook-for-anxiety-a-guide-to-breaking-free-from-anxiety-phobias-and-worry-using-acceptance-and-commitment-therapy_937/index.html
The Life-Changing Magic of Tidying Up: The Japanese Art of Decluttering and Organizing,16.77,3,True,https://books.toscrape.com/catalogue/media/cache/95/64/95647d6a526bf54120b9445e124794e1.jpg,https://books.toscrape.com/catalogue/the-life-changing-magic-of-tidying-up-the-japanese-art-of-decluttering-and-organizing_936/index.html
"The Inefficiency Assassin: Time Management Tactics for Working Smarter, Not Longer",20.59,5,True,https://books.toscrape.com/catalogue/media/cache/75/dc/75dce2f5949b407161f37f0af249b018.jpg,https://books.toscrape.com/catalogue/the-inefficiency-assassin-time-management-tactics-for-working-smarter-not-longer_935/index.html
The Gutsy Girl: Escapades for Your Life of Epic Adventure,37.13,1,True,https://books.toscrape.com/catalogue/media/cache/64/15/641570cd7e7aded53c7d33d78a9629f1.jpg,https://books.toscrape.com/catalogue/the-gutsy-girl-escapades-for-your-life-of-epic-adventure_934/index.html
The Electric Pencil: Drawings from Inside State Hospital No. 3,56.06,1,True,https://books.toscrape.com/catalogue/media/cache/2e/23/2e236e23ad52aa74505f224f6552eda8.jpg,https://books.toscrape.com/catalogue/the-electric-pencil-drawings-from-inside-state-hospital-no-3_933/index.html
The Death of Humanity: and the Case for Life,58.11,4,True,https://books.toscrape.com/catalogue/media/cache/71/df/71df730cf38c232ee58a2e407135f055.jpg,https://books.toscrape.com/catalogue/the-death-of-humanity-and-the-case-for-life_932/index.html
"The Bulletproof Diet: Lose up to a Pound a Day, Reclaim Energy and Focus, Upgrade Your Life",49.05,3,True,https://books.toscrape.com/catalogue/media/cache/ee/3e/ee3e219d23e73ba71c79b700f183aaed.jpg,https://books.toscrape.com/catalogue/the-bulletproof-diet-lose-up-to-a-pound-a-day-reclaim-energy-and-focus-upgrade-your-life_931/index.html
The Art Forger,40.76,3,True,https://books.toscrape.com/catalogue/media/cache/70/fa/70fa6c0437d9c97dbeada6bd32bf9d2c.jpg,https://books.toscrape.com/catalogue/the-art-forger_930/index.html
The Age of Genius: The Seventeenth Century and the Birth of the Modern Mind,19.73,1,True,https://books.toscrape.com/catalogue/media/cache/2d/4e/2d4e358712e6c9f1d3bdd78d1a16e5a8.jpg,https://books.toscrape.com/catalogue/the-age-of-genius-the-seventeenth-century-and-the-birth-of-the-modern-mind_929/index.html
The Activist's Tao Te Ching: Ancient Advice for a Modern Revolution,32.24,5,True,https://books.toscrape.com/catalogue/media/cache/96/db/96db61bb53930c560fb4c1c62b583816.jpg,https://books.toscrape.com/catalogue/the-activists-tao-te-ching-ancient-advice-for-a-modern-revolution_928/index.html
Spark Joy: An Illustrated Master Class on the Art of Organizing and Tidying Up,41.83,4,True,https://books.toscrape.com/catalogue/media/cache/f3/4f/f34ffb24cc21c9f9f52dad4fd8f3ac21.jpg,https://books.toscrape.com/catalogue/spark-joy-an-illustrated-master-class-on-the-art-of-organizing-and-tidying-up_927/index.html
Soul Reader,39.58,2,True,https://books.toscrape.com/catalogue/media/cache/69/85/69852567cf97264a1442cbc882c84903.jpg,https://books.toscrape.com/catalogue/soul-reader_926/index.html
Security,39.25,2,True,https://books.toscrape.com/catalogue/media/cache/da/df/dadfac66a89774b46b10225362724c83.jpg,https://books.toscrape.com/catalogue/security_925/index.html
"Saga, Volume 6 (Saga (Collected Editions) #6)",25.02,3,True,https://books.toscrape.com/catalogue/media/cache/43/ae/43aee83ebb31e2122a7215e413770e5c.jpg,https://books.toscrape.com/catalogue/saga-volume-6-saga-collected-editions-6_924/index.html
"Saga, Volume 5 (Saga (Collected Editions) #5)",51.04,2,True,https://books.toscrape.com/catalogue/media/cache/e1/ea/e1ea6cb36e62ae6dc7b805f68ab9a700.jpg,https://books.toscrape.com/catalogue/saga-volume-5-saga-collected-editions-5_923/index.html
Reskilling America: Learning to Labor in the Twenty-First Century,19.83,2,True,https://books.toscrape.com/catalogue/media/cache/97/f8/97f8debeeaaece9603267653076e760f.jpg,https://books.toscrape.com/catalogue/reskilling-america-learning-to-labor-in-the-twenty-first-century_922/index.html
"Rat Queens, Vol. 3: Demons (Rat Queens (Collected Editions) #11-15)",50.4,3,True,https://books.toscrape.com/catalogue/media/cache/f3/ef/f3efd43ae0fa85d9b325d5e8783e7af5.jpg,https://books.toscrape.com/catalogue/rat-queens-vol-3-demons-rat-queens-collected-editions-11-15_921/index.html
"Princess Jellyfish 2-in-1 Omnibus, Vol. 01 (Princess Jellyfish 2-in-1 Omnibus #1)",13.61,5,True,https://books.toscrape.com/catalogue/media/cache/78/0b/780b2c28122750c2c383846155815bf7.jpg,https://books.toscrape.com/catalogue/princess-jellyfish-2-in-1-omnibus-vol-01-princess-jellyfish-2-in-1-omnibus-1_920/index.html
Princess Between Worlds (Wide-Awake Princess #5),13.34,5,True,https://books.toscrape.com/catalogue/media/cache/b7/e8/b7e84b78be3d9bb79b71156a5e5d4e42.jpg,https://books.toscrape.com/catalogue/princess-between-worlds-wide-awake-princess-5_919/index.html
"Pop Gun War, Volume 1: Gift",18.97,1,True,https://books.toscrape.com/catalogue/media/cache/c8/2f/c82f629a31b3f47bdb17ac14aa51076d.jpg,https://books.toscrape.com/catalogue/pop-gun-war-volume-1-gift_918/index.html
"Political Suicide: Missteps, Peccadilloes, Bad Calls, Backroom Hijinx, Sordid Pasts, Rotten Breaks, and Just Plain Dumb Mistakes in the Annals of American Politics",36.28,2,True,https://books.toscrape.com/catalogue/media/cache/64/44/6444dacdcb9edaadbbd691524622aeb8.jpg,https://books.toscrape.com/catalogue/political-suicide-missteps-peccadilloes-bad-calls-backroom-hijinx-sordid-pasts-rotten-breaks-and-just-plain-dumb-mistakes-in-the-annals-of-american-politics_917/index.html
Patience,10.16,3,True,https://books.toscrape.com/catalogue/media/cache/01/72/01726c619a05114dca75bd840095016d.jpg,https://books.toscrape.com/catalogue/patience_916/index.html
"Outcast, Vol. 1: A Darkness Surrounds Him (Outcast #1)",15.44,4,True,https://books.toscrape.com/catalogue/media/cache/cb/00/cb004189f548d75ad430d3ed19e6daa9.jpg,https://books.toscrape.com/catalogue/outcast-vol-1-a-darkness-surrounds-him-outcast-1_915/index.html
orange: The Complete Collection 1 (orange: The Complete Collection #1),48.41,1,True,https://books.toscrape.com/catalogue/media/cache/03/88/03886a8502ca54dbce0d91c2568ab69d.jpg,https://books.toscrape.com/catalogue/orange-the-complete-collection-1-orange-the-complete-collection-1_914/index.html
Online Marketing for Busy Authors: A Step-By-Step Guide,46.35,1,True,https://books.toscrape.com/catalogue/media/cache/ea/9b/ea9b2cb8abbb317402e618445bade1e1.jpg,https://books.toscrape.com/catalogue/online-marketing-for-busy-authors-a-step-by-step-guide_913/index.html
On a Midnight Clear,14.07,3,True,https://books.toscrape.com/catalogue/media/cache/a1/14/a114d70e7babf110ba42a389078e9a45.jpg,https://books.toscrape.com/catalogue/on-a-midnight-clear_912/index.html
Obsidian (Lux #1),14.86,2,True,https://books.toscrape.com/catalogue/media/cache/fc/72/fc72f158554b4b4164701e1dfa1153c7.jpg,https://books.toscrape.com/catalogue/obsidian-lux-1_911/index.html
My Paris Kitchen: Recipes and Stories,33.37,2,True,https://books.toscrape.com/catalogue/media/cache/f5/65/f565af3d9dd20a1ad72a1e7c4157387d.jpg,https://books.toscrape.com/catalogue/my-paris-kitchen-recipes-and-stories_910/index.html
Masks and Shadows,56.4,2,True,https://books.toscrape.com/catalogue/media/cache/ff/e8/ffe81bf98f8386ef29e193abfb6f9c1e.jpg,https://books.toscrape.com/catalogue/masks-and-shadows_909/index.html
"Mama Tried: Traditional Italian Cooking for the Screwed, Crude, Vegan, and Tattooed",14.02,4,True,https://books.toscrape.com/catalogue/media/cache/10/c6/10c61093002db1fec4089d8076678624.jpg,https://books.toscrape.com/catalogue/mama-tried-traditional-italian-cooking-for-the-screwed-crude-vegan-and-tattooed_908/index.html
"Lumberjanes, Vol. 2: Friendship to the Max (Lumberjanes #5-8)",46.91,2,True,https://books.toscrape.com/catalogue/media/cache/d3/15/d3158e8d3546fb90cced3c1d44a92a34.jpg,https://books.toscrape.com/catalogue/lumberjanes-vol-2-friendship-to-the-max-lumberjanes-5-8_907/index.html
"Lumberjanes, Vol. 1: Beware the Kitten Holy (Lumberjanes #1-4)",45.61,3,True,https://books.toscrape.com/catalogue/media/cache/7e/a0/7ea062007ef00107e3c16d336b41fab2.jpg,https://books.toscrape.com/catalogue/lumberjanes-vol-1-beware-the-kitten-holy-lumberjanes-1-4_906/index.html
Lumberjanes Vol. 3: A Terrible Plan (Lumberjanes #9-12),19.92,2,True,https://books.toscrape.com/catalogue/media/cache/5f/b1/5fb1bf88dcfda795606745ce35be5975.jpg,https://books.toscrape.com/catalogue/lumberjanes-vol-3-a-terrible-plan-lumberjanes-9-12_905/index.html
"Layered: Baking, Building, and Styling Spectacular Cakes",40.11,1,True,https://books.toscrape.com/catalogue/media/cache/98/d1/98d1c979c4bac9e147a6718946578b0f.jpg,https://books.toscrape.com/catalogue/layered-baking-building-and-styling-spectacular-cakes_904/index.html
Judo: Seven Steps to Black Belt (an Introductory Guide for Beginners),53.9,2,True,https://books.toscrape.com/catalogue/media/cache/5f/52/5f52b1bc6d45daab2e330c744feb0359.jpg,https://books.toscrape.com/catalogue/judo-seven-steps-to-black-belt-an-introductory-guide-for-beginners_903/index.html
Join,35.67,5,True,https://books.toscrape.com/catalogue/media/cache/93/63/9363f0065fbad5689f44fcf6e203eef3.jpg,https://books.toscrape.com/catalogue/join_902/index.html
In the Country We Love: My Family Divided,22.0,4,True,https://books.toscrape.com/catalogue/media/cache/fe/ea/feeafd2ad7b3077f8e74cbb1da9e3c7d.jpg,https://books.toscrape.com/catalogue/in-the-country-we-love-my-family-divided_901/index.html
Immunity: How Elie Metchnikoff Changed the Course of Modern Medicine,57.36,5,True,https://books.toscrape.com/catalogue/media/cache/26/1c/261c4eaf957ae4aacf2229b482e76dbe.jpg,https://books.toscrape.com/catalogue/immunity-how-elie-metchnikoff-changed-the-course-of-modern-medicine_900/index.html
"I Hate Fairyland, Vol. 1: Madly Ever After (I Hate Fairyland (Compilations) #1-5)",29.17,2,True,https://books.toscrape.com/catalogue/media/cache/aa/74/aa74004807e97a79aa084b5db329a99b.jpg,https://books.toscrape.com/catalogue/i-hate-fairyland-vol-1-madly-ever-after-i-hate-fairyland-compilations-1-5_899/index.html
I am a Hero Omnibus Volume 1,54.63,3,True,https://books.toscrape.com/catalogue/media/cache/16/d4/16d443437126bf6d536a89312c1995a5.jpg,https://books.toscrape.com/catalogue/i-am-a-hero-omnibus-volume-1_898/index.html
How to Be Miserable: 40 Strategies You Already Use,46.03,1,True,https://books.toscrape.com/catalogue/media/cache/da/8b/da8bc9b824dd3f446ef63e438ddbfc85.jpg,https://books.toscrape.com/catalogue/how-to-be-miserable-40-strategies-you-already-use_897/index.html
Her Backup Boyfriend (The Sorensen Family #1),33.97,1,True,https://books.toscrape.com/catalogue/media/cache/1e/bb/1ebbbc3e2d3249b111033cfc40763b0b.jpg,https://books.toscrape.com/catalogue/her-backup-boyfriend-the-sorensen-family-1_896/index.html
"Giant Days, Vol. 2 (Giant Days #5-8)",22.11,2,True,https://books.toscrape.com/catalogue/media/cache/90/6f/906f0168b0e155a7077625499b1737b5.jpg,https://books.toscrape.com/catalogue/giant-days-vol-2-giant-days-5-8_895/index.html
Forever and Forever: The Courtship of Henry Longfellow and Fanny Appleton,29.69,3,True,https://books.toscrape.com/catalogue/media/cache/d6/58/d658a1485b130ff26ca5fb0d5975ed2e.jpg,https://books.toscrape.com/catalogue/forever-and-forever-the-courtship-of-henry-longfellow-and-fanny-appleton_894/index.html
First and First (Five Boroughs #3),15.97,4,True,https://books.toscrape.com/catalogue/media/cache/c4/d1/c4d1517cc9370e292366b6132ca9ca36.jpg,https://books.toscrape.com/catalogue/first-and-first-five-boroughs-3_893/index.html
Fifty Shades Darker (Fifty Shades #2),21.96,1,True,https://books.toscrape.com/catalogue/media/cache/cc/bd/ccbdae9e29b3594301528fa2c876ec29.jpg,https://books.toscrape.com/catalogue/fifty-shades-darker-fifty-shades-2_892/index.html
Everydata: The Misinformation Hidden in the Little Data You Consume Every Day,54.35,2,True,https://books.toscrape.com/catalogue/media/cache/64/94/6494bf61176ca73b61255909230030be.jpg,https://books.toscrape.com/catalogue/everydata-the-misinformation-hidden-in-the-little-data-you-consume-every-day_891/index.html
"Don't Be a Jerk: And Other Practical Advice from Dogen, Japan's Greatest Zen Master",37.97,2,True,https://books.toscrape.com/catalogue/media/cache/95/30/953013d044aa313cc162dec414f3969a.jpg,https://books.toscrape.com/catalogue/dont-be-a-jerk-and-other-practical-advice-from-dogen-japans-greatest-zen-master_890/index.html
Danganronpa Volume 1,51.99,4,True,https://books.toscrape.com/catalogue/media/cache/78/97/7897eea91c4a85aca58d925861d4afec.jpg,https://books.toscrape.com/catalogue/danganronpa-volume-1_889/index.html
Crown of Midnight (Throne of Glass #2),43.29,3,True,https://books.toscrape.com/catalogue/media/cache/66/25/6625e3bbb050de3e42a0c302c0d69f1f.jpg,https://books.toscrape.com/catalogue/crown-of-midnight-throne-of-glass-2_888/index.html
"Codename Baboushka, Volume 1: The Conclave of Death",36.72,4,True,https://books.toscrape.com/catalogue/media/cache/f6/88/f688a9d6a89fdf38e4e88439ee9eda69.jpg,https://books.toscrape.com/catalogue/codename-baboushka-volume-1-the-conclave-of-death_887/index.html
Camp Midnight,17.08,4,True,https://books.toscrape.com/catalogue/media/cache/dd/c9/ddc95df6754df8e71bf969c088056188.jpg,https://books.toscrape.com/catalogue/camp-midnight_886/index.html
Call the Nurse: True Stories of a Country Nurse on a Scottish Isle,29.14,5,True,https://books.toscrape.com/catalogue/media/cache/88/9e/889e0bac4c7c0e7178f0165b8d3b4617.jpg,https://books.toscrape.com/catalogue/call-the-nurse-true-stories-of-a-country-nurse-on-a-scottish-isle_885/index.html
Burning,28.81,3,True,https://books.toscrape.com/catalogue/media/cache/26/95/269507c7bb35d2cec9b61a03d1c28e67.jpg,https://books.toscrape.com/catalogue/burning_884/index.html
Bossypants,49.46,2,True,https://books.toscrape.com/catalogue/media/cache/27/d2/27d20361745ec2f7be668b18a4da29da.jpg,https://books.toscrape.com/catalogue/bossypants_883/index.html
"Bitch Planet, Vol. 1: Extraordinary Machine (Bitch Planet (Collected Editions))",37.92,2,True,https://books.toscrape.com/catalogue/media/cache/e4/1d/e41d34204a1fffbf825d8beb3dbf4cbc.jpg,https://books.toscrape.com/catalogue/bitch-planet-vol-1-extraordinary-machine-bitch-planet-collected-editions_882/index.html
"Avatar: The Last Airbender: Smoke and Shadow, Part 3 (Smoke and Shadow #3)",28.09,2,True,https://books.toscrape.com/catalogue/media/cache/06/18/061811c5845d0e13bc04b2a755f0830f.jpg,https://books.toscrape.com/catalogue/avatar-the-last-airbender-smoke-and-shadow-part-3-smoke-and-shadow-3_881/index.html
Algorithms to Live By: The Computer Science of Human Decisions,30.81,1,True,https://books.toscrape.com/catalogue/media/cache/23/b4/23b42e094c02d52b14b11a960d49610e.jpg,https://books.toscrape.com/catalogue/algorithms-to-live-by-the-computer-science-of-human-decisions_880/index.html
A World of Flavor: Your Gluten Free Passport,42.95,1,True,https://books.toscrape.com/catalogue/media/cache/78/2e/782e315667ec50759b8603527ee33dec.jpg,https://books.toscrape.com/catalogue/a-world-of-flavor-your-gluten-free-passport_879/index.html
"A Piece of Sky, a Grain of Rice: A Memoir in Four Meditations",56.76,5,True,https://books.toscrape.com/catalogue/media/cache/08/89/088995e862aac86c88c608d763f6390e.jpg,https://books.toscrape.com/catalogue/a-piece-of-sky-a-grain-of-rice-a-memoir-in-four-meditations_878/index.html
A Murder in Time,16.64,1,True,https://books.toscrape.com/catalogue/media/cache/11/aa/11aaad48b5f15e262456ca65294084da.jpg,https://books.toscrape.com/catalogue/a-murder-in-time_877/index.html
A Flight of Arrows (The Pathfinders #2),55.53,5,True,https://books.toscrape.com/catalogue/media/cache/82/96/8296f92b70fb1dafefecda92c1d51941.jpg,https://books.toscrape.com/catalogue/a-flight-of-arrows-the-pathfinders-2_876/index.html
A Fierce and Subtle Poison,28.13,4,True,https://books.toscrape.com/catalogue/media/cache/12/f1/12f1963957f27fa83d51f76b183ef490.jpg,https://books.toscrape.com/catalogue/a-fierce-and-subtle-poison_875/index.html
A Court of Thorns and Roses (A Court of Thorns and Roses #1),52.37,1,True,https://books.toscrape.com/catalogue/media/cache/c0/88/c08816960890396213a423941af65b8f.jpg,https://books.toscrape.com/catalogue/a-court-of-thorns-and-roses-a-court-of-thorns-and-roses-1_874/index.html
(Un)Qualified: How God Uses Broken People to Do Big Things,54.0,5,True,https://books.toscrape.com/catalogue/media/cache/cd/db/cddb3eb483ef11a088d519205b7098fb.jpg,https://books.toscrape.com/catalogue/unqualified-how-god-uses-broken-people-to-do-big-things_873/index.html
You Are What You Love: The Spiritual Power of Habit,21.87,4,True,https://books.toscrape.com/catalogue/media/cache/6b/70/6b70f2cdb17d9ab7551240a88b9211fe.jpg,https://books.toscrape.com/catalogue/you-are-what-you-love-the-spiritual-power-of-habit_872/index.html
"William Shakespeare's Star Wars: Verily, A New Hope (William Shakespeare's Star Wars #4)",43.3,4,True,https://books.toscrape.com/catalogue/media/cache/02/37/0237b445efc18c5562355a5a2c40889c.jpg,https://books.toscrape.com/catalogue/william-shakespeares-star-wars-verily-a-new-hope-william-shakespeares-star-wars-4_871/index.html
Tuesday Nights in 1980,21.04,2,True,https://books.toscrape.com/catalogue/media/cache/6b/da/6bdae061cb92c32b0b83cda8dd10275d.jpg,https://books.toscrape.com/catalogue/tuesday-nights-in-1980_870/index.html
Tracing Numbers on a Train,41.6,3,True,https://books.toscrape.com/catalogue/media/cache/06/a6/06a6cfcf89afd1601cbba1a16cda57fb.jpg,https://books.toscrape.com/catalogue/tracing-numbers-on-a-train_869/index.html
Throne of Glass (Throne of Glass #1),35.07,3,True,https://books.toscrape.com/catalogue/media/cache/32/d6/32d6aa560e8ddf2a4da1526b95d4c7ab.jpg,https://books.toscrape.com/catalogue/throne-of-glass-throne-of-glass-1_868/index.html
Thomas Jefferson and the Tripoli Pirates: The Forgotten War That Changed American History,59.64,1,True,https://books.toscrape.com/catalogue/media/cache/97/47/974709d437b08e74649b5744471bf472.jpg,https://books.toscrape.com/catalogue/thomas-jefferson-and-the-tripoli-pirates-the-forgotten-war-that-changed-american-history_867/index.html
Thirteen Reasons Why,52.72,1,True,https://books.toscrape.com/catalogue/media/cache/8a/83/8a83b6ce350f01bab21f85e6ba539316.jpg,https://books.toscrape.com/catalogue/thirteen-reasons-why_866/index.html
The White Cat and the Monk: A Retelling of the Poem âPangur BÃ¡nâ,58.08,4,True,https://books.toscrape.com/catalogue/media/cache/26/32/2632a1e12f2c085fabbe022ae4cd6933.jpg,https://books.toscrape.com/catalogue/the-white-cat-and-the-monk-a-retelling-of-the-poem-pangur-ban_865/index.html
The Wedding Dress,24.12,1,True,https://books.toscrape.com/catalogue/media/cache/28/99/28992d89f4abf54fba183fc8d074adf3.jpg,https://books.toscrape.com/catalogue/the-wedding-dress_864/index.html
The Vacationers,42.15,4,True,https://books.toscrape.com/catalogue/media/cache/37/25/372578cc073efae80cf284b56040a488.jpg,https://books.toscrape.com/catalogue/the-vacationers_863/index.html
The Third Wave: An Entrepreneurâs Vision of the Future,12.61,5,True,https://books.toscrape.com/catalogue/media/cache/d0/77/d077a30042df6b916bfc8d257345c69e.jpg,https://books.toscrape.com/catalogue/the-third-wave-an-entrepreneurs-vision-of-the-future_862/index.html
The Stranger,17.44,4,True,https://books.toscrape.com/catalogue/media/cache/ea/04/ea0476a6f4c318ceccf5e2f2b39f2b15.jpg,https://books.toscrape.com/catalogue/the-stranger_861/index.html
The Shadow Hero (The Shadow Hero),33.14,1,True,https://books.toscrape.com/catalogue/media/cache/1f/62/1f621dda1b302fc16d83d94b0b5ac31c.jpg,https://books.toscrape.com/catalogue/the-shadow-hero-the-shadow-hero_860/index.html
The Secret (The Secret #1),27.37,4,True,https://books.toscrape.com/catalogue/media/cache/4e/0f/4e0f05ae01d8fb6bd0d3901edd06de16.jpg,https://books.toscrape.com/catalogue/the-secret-the-secret-1_859/index.html
The Regional Office Is Under Attack!,51.36,5,True,https://books.toscrape.com/catalogue/media/cache/f8/31/f8314c7fdaa79fb7191a583e9a852db8.jpg,https://books.toscrape.com/catalogue/the-regional-office-is-under-attack_858/index.html
The Psychopath Test: A Journey Through the Madness Industry,36.0,2,True,https://books.toscrape.com/catalogue/media/cache/34/f5/34f5f8e513c5f048241f5695e61b2483.jpg,https://books.toscrape.com/catalogue/the-psychopath-test-a-journey-through-the-madness-industry_857/index.html
The Project,10.65,1,True,https://books.toscrape.com/catalogue/media/cache/10/6e/106e2fc7160712edf8e2ff996dc8cd6c.jpg,https://books.toscrape.com/catalogue/the-project_856/index.html
The Power of Now: A Guide to Spiritual Enlightenment,43.54,2,True,https://books.toscrape.com/catalogue/media/cache/03/38/0338682e76bad3216cd4c6c28b2b625a.jpg,https://books.toscrape.com/catalogue/the-power-of-now-a-guide-to-spiritual-enlightenment_855/index.html
The Omnivore's Dilemma: A Natural History of Four Meals,38.21,2,True,https://books.toscrape.com/catalogue/media/cache/14/f3/14f3d525e2a114cd71e27201a16af188.jpg,https://books.toscrape.com/catalogue/the-omnivores-dilemma-a-natural-history-of-four-meals_854/index.html
The Nerdy Nummies Cookbook: Sweet Treats for the Geek in All of Us,37.34,5,True,https://books.toscrape.com/catalogue/media/cache/61/bd/61bdfe3950643c47d70c37c4123530f3.jpg,https://books.toscrape.com/catalogue/the-nerdy-nummies-cookbook-sweet-treats-for-the-geek-in-all-of-us_853/index.html
The Murder of Roger Ackroyd (Hercule Poirot #4),44.1,4,True,https://books.toscrape.com/catalogue/media/cache/29/fe/29fe70b1b2e5a9ba61d4bd331255e19e.jpg,https://books.toscrape.com/catalogue/the-murder-of-roger-ackroyd-hercule-poirot-4_852/index.html
The Mistake (Off-Campus #2),43.29,3,True,https://books.toscrape.com/catalogue/media/cache/a5/43/a543b100a8c1861c1bf5374ca6b576fe.jpg,https://books.toscrape.com/catalogue/the-mistake-off-campus-2_851/index.html
The Matchmaker's Playbook (Wingmen Inc. #1),55.85,1,True,https://books.toscrape.com/catalogue/media/cache/84/ac/84acb0606c96e55dc729a9d6572a08fb.jpg,https://books.toscrape.com/catalogue/the-matchmakers-playbook-wingmen-inc-1_850/index.html
The Love and Lemons Cookbook: An Apple-to-Zucchini Celebration of Impromptu Cooking,37.6,2,True,https://books.toscrape.com/catalogue/media/cache/0d/1f/0d1f3f934460f5a50aaa8c366641234c.jpg,https://books.toscrape.com/catalogue/the-love-and-lemons-cookbook-an-apple-to-zucchini-celebration-of-impromptu-cooking_849/index.html
The Long Shadow of Small Ghosts: Murder and Memory in an American City,10.97,1,True,https://books.toscrape.com/catalogue/media/cache/f2/e5/f2e51dd2b26600459f8eaeb6b9eecaa7.jpg,https://books.toscrape.com/catalogue/the-long-shadow-of-small-ghosts-murder-and-memory-in-an-american-city_848/index.html
The Kite Runner,41.82,4,True,https://books.toscrape.com/catalogue/media/cache/58/9d/589d73503d9a23d224de836134fae553.jpg,https://books.toscrape.com/catalogue/the-kite-runner_847/index.html
The House by the Lake,36.95,1,True,https://books.toscrape.com/catalogue/media/cache/0d/cb/0dcb33d60b0e79adf8ab9842e697ea2e.jpg,https://books.toscrape.com/catalogue/the-house-by-the-lake_846/index.html
The Glittering Court (The Glittering Court #1),44.28,1,True,https://books.toscrape.com/catalogue/media/cache/3e/0b/3e0b16851bec08b6cbf78d5f64af9114.jpg,https://books.toscrape.com/catalogue/the-glittering-court-the-glittering-court-1_845/index.html
The Girl on the Train,55.02,2,True,https://books.toscrape.com/catalogue/media/cache/25/6c/256c946dd0962095f66c6de3b15ab300.jpg,https://books.toscrape.com/catalogue/the-girl-on-the-train_844/index.html
The Genius of Birds,17.24,1,True,https://books.toscrape.com/catalogue/media/cache/13/57/1357c6aa40c9e63d2f931927fbf81f3f.jpg,https://books.toscrape.com/catalogue/the-genius-of-birds_843/index.html
The Emerald Mystery,23.15,2,True,https://books.toscrape.com/catalogue/media/cache/81/58/81586cd0bf8743e1f5ed80b6a0e1fabe.jpg,https://books.toscrape.com/catalogue/the-emerald-mystery_842/index.html
The Cookies & Cups Cookbook: 125+ sweet & savory recipes reminding you to Always Eat Dessert First,41.25,1,True,https://books.toscrape.com/catalogue/media/cache/54/89/54899b4584e941ceced511d81092c88a.jpg,https://books.toscrape.com/catalogue/the-cookies-cups-cookbook-125-sweet-savory-recipes-reminding-you-to-always-eat-dessert-first_841/index.html
The Bridge to Consciousness: I'm Writing the Bridge Between Science and Our Old and New Beliefs.,32.0,3,True,https://books.toscrape.com/catalogue/media/cache/fe/b7/feb764b2afa54991cfdbbffdf501b333.jpg,https://books.toscrape.com/catalogue/the-bridge-to-consciousness-im-writing-the-bridge-between-science-and-our-old-and-new-beliefs_840/index.html
The Artist's Way: A Spiritual Path to Higher Creativity,38.49,5,True,https://books.toscrape.com/catalogue/media/cache/0e/6d/0e6dc2484322c5b9e7854ced66fdf62d.jpg,https://books.toscrape.com/catalogue/the-artists-way-a-spiritual-path-to-higher-creativity_839/index.html
The Art of War,33.34,5,True,https://books.toscrape.com/catalogue/media/cache/6d/71/6d71e36c8b1b9c885e1bb6c72cd8bcf8.jpg,https://books.toscrape.com/catalogue/the-art-of-war_838/index.html
The Argonauts,10.93,2,True,https://books.toscrape.com/catalogue/media/cache/0a/15/0a1567cd04a6582d333db71337b4e2a6.jpg,https://books.toscrape.com/catalogue/the-argonauts_837/index.html
The 10% Entrepreneur: Live Your Startup Dream Without Quitting Your Day Job,27.55,3,True,https://books.toscrape.com/catalogue/media/cache/82/93/82939ca78da0b724f16ec814849514fd.jpg,https://books.toscrape.com/catalogue/the-10-entrepreneur-live-your-startup-dream-without-quitting-your-day-job_836/index.html
Suddenly in Love (Lake Haven #1),55.99,2,True,https://books.toscrape.com/catalogue/media/cache/e9/f4/e9f4bc8cf5ffaea1504623c936e90a48.jpg,https://books.toscrape.com/catalogue/suddenly-in-love-lake-haven-1_835/index.html
Something More Than This,16.24,4,True,https://books.toscrape.com/catalogue/media/cache/59/10/5910fbd8a95e8e9de9c660b71e0694e2.jpg,https://books.toscrape.com/catalogue/something-more-than-this_834/index.html
Soft Apocalypse,26.12,2,True,https://books.toscrape.com/catalogue/media/cache/f0/06/f0060c756556b855184fa32f66280961.jpg,https://books.toscrape.com/catalogue/soft-apocalypse_833/index.html
So You've Been Publicly Shamed,12.23,2,True,https://books.toscrape.com/catalogue/media/cache/6e/d4/6ed4991d97f60db29ec7b421e61a2cf3.jpg,https://books.toscrape.com/catalogue/so-youve-been-publicly-shamed_832/index.html
Shoe Dog: A Memoir by the Creator of NIKE,23.99,2,True,https://books.toscrape.com/catalogue/media/cache/19/aa/19aa1184a3565b1dae6092146018e109.jpg,https://books.toscrape.com/catalogue/shoe-dog-a-memoir-by-the-creator-of-nike_831/index.html
"Shobu Samurai, Project Aryoku (#3)",29.06,3,True,https://books.toscrape.com/catalogue/media/cache/ae/0c/ae0ccc307568b6d7699786411f3cbcc4.jpg,https://books.toscrape.com/catalogue/shobu-samurai-project-aryoku-3_830/index.html
Secrets and Lace (Fatal Hearts #1),20.27,1,True,https://books.toscrape.com/catalogue/media/cache/84/7c/847c06b541e2a3b2228b96d97a5fe7a6.jpg,https://books.toscrape.com/catalogue/secrets-and-lace-fatal-hearts-1_829/index.html
Scarlett Epstein Hates It Here,43.55,5,True,https://books.toscrape.com/catalogue/media/cache/0f/d3/0fd306891f8fd3196653022fd67d6c87.jpg,https://books.toscrape.com/catalogue/scarlett-epstein-hates-it-here_828/index.html
Romero and Juliet: A Tragic Tale of Love and Zombies,36.94,1,True,https://books.toscrape.com/catalogue/media/cache/12/f8/12f8002e5aab6d783e29b31aad36b5ba.jpg,https://books.toscrape.com/catalogue/romero-and-juliet-a-tragic-tale-of-love-and-zombies_827/index.html
Redeeming Love,20.47,5,True,https://books.toscrape.com/catalogue/media/cache/21/21/2121ba78e26194d92c334fde3850f840.jpg,https://books.toscrape.com/catalogue/redeeming-love_826/index.html
Poses for Artists Volume 1 - Dynamic and Sitting Poses: An Essential Reference for Figure Drawing and the Human Form,41.06,1,True,https://books.toscrape.com/catalogue/media/cache/5a/89/5a89e2dd7866dda6660fe508bc4b5249.jpg,https://books.toscrape.com/catalogue/poses-for-artists-volume-1-dynamic-and-sitting-poses-an-essential-reference-for-figure-drawing-and-the-human-form_825/index.html
Poems That Make Grown Women Cry,14.19,4,True,https://books.toscrape.com/catalogue/media/cache/38/64/386468a8c3e6b880664bf7885bf6f726.jpg,https://books.toscrape.com/catalogue/poems-that-make-grown-women-cry_824/index.html
"Nightingale, Sing",38.28,1,True,https://books.toscrape.com/catalogue/media/cache/18/08/18086e581ad354aa65f945c2b5c51350.jpg,https://books.toscrape.com/catalogue/nightingale-sing_823/index.html
Night Sky with Exit Wounds,41.05,1,True,https://books.toscrape.com/catalogue/media/cache/25/54/2554431c797ec725eea50b3f8a83758c.jpg,https://books.toscrape.com/catalogue/night-sky-with-exit-wounds_822/index.html
Mrs. Houdini,30.25,5,True,https://books.toscrape.com/catalogue/media/cache/0e/fe/0efe86960cdff718aed01a5c3f65b1c3.jpg,https://books.toscrape.com/catalogue/mrs-houdini_821/index.html
